old_id,old_name,qty,income,tickets,years,new_slug
3,WAXTARD PERLA 25 Kgs.,14606.0,1122205.5,1710,"2012,2013",waxtard-blanco-perla
13,CEMENCON GRIS SACO 50 Kgs.,3614.0,428186.0,361,"2012,2013",_cemencont
10,DARAHUEL S-35 CUBETA 18 Kgs.,1327.0,345998.68,267,"2012,2013",adhesivo-darawell
16,TIROL PLASTE 25 Kgs.,3465.0,294746.0,222,2013,_textura
29,MORTERO MAESTRO 50 Kgs.,3048.0,271961.0,466,"2012,2013",
17,TEXTURA ADHESILE 25 Kgs.,2688.0,228605.0,139,"2012,2013",_textura
155,WAXTARD PERLA MACROBOLSA.,1382.0,150346.55,182,2013,waxtard-blanco-perla
30,CEMENTO GRIS APASCO 50 Kgs.,1170.0,148231.0,383,"2012,2013",
415,CEMENCON GRIS 25 Kgs.,2314.0,145257.5,241,2013,_cemencont
7,PEGAPISO 20 Kgs.,2824.0,142992.0,187,"2012,2013",pegaxpress-psp
21,VARILLA CORR. 3/8 X 12 Mts.,1339.0,114472.0,119,"2012,2013",
413,PASTABLOCK,2111.0,110235.0,58,2013,pegaxpress-block
4,WAXTARD SKIM COAT 25 Kgs.,718.0,107175.0,242,2013,_skim-coat
5,WAXTARD EIFS 25 Kgs.,632.0,92898.0,195,"2012,2013",waxtard-extra-anclaje
28,CAL HIDRATADA 25 Kgs.,1674.0,90305.0,155,"2012,2013",
27,YESO MAXIMO 40 Kgs.,1318.0,86384.0,217,"2012,2013",
157,ZARPEO MORTERO 25 Kgs.,1347.0,75615.0,122,2013,_zarpeo
53,CEMENTO PLASTICO 20 Kgs.,215.0,68379.9,49,2013,cemento-plastico-concreto
60,GRAVON CRIBADO M3.,203.58,68337.75,230,2013,
156,FIBRO-CEMENTO EXTRA 25 Kgs:,1078.0,65560.0,126,2013,_cemencont
11,DARAHUEL S-35 GALON,829.0,55585.6,189,"2012,2013",adhesivo-darawell
59,ARENA LAVADA M3.,157.78,54756.23,220,2013,
9,PISO SOBRE PISO 20 Kgs.,522.0,54243.5,92,"2012,2013",pegaxpress-psp
2,WAXTARD GRIS 25 kgs.,656.0,49490.0,78,2013,waxtard-gris
22,VARILLA CORR. 1/2 X 12 Mts.,335.0,47260.0,15,2013,
410,JAL POR M3.,108.42,46185.5,93,2013,
23,ALAMBRON 1/4,2692.5,41864.0,31,2013,
19,ARMEX DALA 15X20-4,442.0,40437.0,110,"2012,2013",
35,BLOCK 12 X 20 X 40 PESADO,3865.0,37347.5,66,"2012,2013",
509,YESO AMARRADO,520.0,33800.0,1,2013,
12,DARAHUEL S-35 LITRO,1360.0,26327.24,119,2013,adhesivo-darawell
39,CEMENTO BLANCO COMPUESTO 1 Kg.,3623.0,26291.74,171,2013,
144,GRANO CRIBADO DE MARMOL Kgs.,3300.0,26288.0,96,2013,
507,VARILLA CORR. 5/8 X 12 Mts.,117.0,25155.0,2,2013,
37,BLOCK 15 X 20 X 40 PESADO,2480.0,24043.0,20,2013,
24,ALAMBRE RECOCIDO,1155.0,23270.5,160,2013,
143,MALLA LAC 6X6-10/10 ROLLO,16.0,21670.0,6,2013,
513,TEXTURA MACROBOLSA 38 Kg.,131.0,16715.0,9,2013,_textura
15,IMPERFIBRACON GRIS 50 Kgs.,110.0,14850.0,4,2012,_cemencont
153,VIAJE DE AGREGADO PETREO,9.5,14100.0,13,2013,
40,YESO DE RESANE 1 Kg.,2637.0,14015.72,108,"2012,2013",_tapagrietas
1,WAXTARD BLANCO 25 Kgs.,150.0,12710.0,33,"2012,2013",waxtard-blanco-absoluto
50,SELLO LAVADO 1/4 SACO 25,725.0,12244.0,89,2013,
41,CEMEN-PLAST S-35 1Kg.,665.0,11556.0,101,"2012,2013",cemento-plastico-concreto
54,MALLA LAC 6X6-10/10 M2.,565.45,9761.09,34,2013,
14,FIBRACON GRIS 50 Kgs.,77.0,9310.5,3,"2012,2013",_cemencont
48,ARENA CRIBADA SACO 25,730.0,9244.0,160,2013,
512,TIROL MACROBOLSA 38 Kgs.,69.0,8901.0,4,2013,_textura
149,LAVADERO DE GRANITO # 2,5.0,8600.0,5,2013,
20,ARMEX CASTILLO 15X15-4,93.0,8223.0,30,"2012,2013",
62,CEMENTO BLANCO 50 Kgs.,27.0,6810.0,18,2013,
42,CEMENTO GRIS 1Kg.,1057.0,6230.84,55,2013,
25,CLAVO STANDAR 2 1/2,220.0,4780.5,73,"2012,2013",
6,WAXTARD BASE COAT 25 Kgs.,22.0,4235.0,3,2013,basecoat-plus-blanco
45,GRANO CRIBADO # 2 BOLSA 2 Kgs.,247.0,3653.0,76,"2012,2013",
151,GARGOLA SIMPLE,27.0,3070.0,12,2013,
36,BLOCK 12 X 20 X 20 MEDIO,432.0,2793.0,29,"2012,2013",
70,CASETON DE FRIGOLIT 60X60X15,84.0,2730.0,2,2013,
38,BLOCK 15 X 20 X 20 MEDIO,403.0,2556.0,8,2013,
61,GRAVILLA  3/4 M3.,7.0,2270.0,4,2013,
146,BLOCK 20 X 20 X 40,150.0,2175.0,1,2013,
416,REPELLO S-35,30.0,1925.0,10,2013,_repello
148,LAVADERO DE GRANITO # 1,1.0,1800.0,1,2013,
47,GRANO CRIBADO # 3 BOLSA 2 Kgs.,85.0,1600.0,31,2013,
43,PEGAZULEJO MULTI-PROPOSITO 1 Kg.,170.0,1514.0,10,2013,ceramico
34,PANEL ESTRUCTURAL 2,5.0,1375.0,1,2013,
510,MARMOLINA FINA SACO 50 Kgs.,9.0,1350.0,2,2013,
26,CLAVO STANDAR 4,57.0,1329.0,25,"2012,2013",
508,VARILLA CORR. 3/4 X 12 Mts.,4.0,1220.0,1,2013,
56,CLAVO PARA CONCRETO Kgs.,18.57,1091.33,4,2013,
57,POLIDUCTO DE 1/2 ML.,434.0,1065.5,13,2013,
49,GRAVILLA LAVADA 3/4 SACO 25,53.0,694.0,13,2013,
51,GRAVON CRIBADO T.M.A. 3/4 SACO 25,50.0,610.0,17,2013,
44,TAPAGRIETAS S-35 1 Kg.,29.0,512.0,10,2013,_tapagrietas
152,CIMBRAPLAY 1 CARA,1.0,395.0,1,2013,
46,GRANO CRIBADO # 1 BOLSA 2 Kgs.,18.0,360.0,15,2013,
32,CHALUPA GALV. 2 X 4,64.0,348.0,14,2013,
18,PLUXEL T.F.I. 25 Kgs.,2.0,300.0,1,2013,_textura
414,IMPER-CEMENCON 25 Kgs.,4.0,260.0,1,2013,_cemencont
66,CASETON DE FRIGOLIT 50X60X10,12.0,216.0,1,2013,
58,TABICRETO 7 X 13 X 26,76.0,189.2,3,2013,
31,SEGUETAS HECORT PZA.,10.0,120.0,1,2012,
411,CONCREMIX,2.0,115.0,2,2013,_concremix
33,CAJA CUADRADA 4 X 4,7.0,58.0,2,2013,
55,CAJA CUAD. 3 X 3 GALV.,1.0,5.0,1,2013,
